157d,24,157D,1994
165d,18,165D,1994
1a34,20,1A34,1998
1a9n,48,1A9N,1998
1apg,2,1APG,1994
1aq3,28,1AQ3,1997
1aq4,30,1AQ4,1997
1asy,150,1ASY,1995
1asz,152,1ASZ,1995
1av6,8,1AV6,1998
1b23,75,1B23,1998
1b2m,6,1B2M,1999
1b7f,24,1B7F,1999
1bmv,11,1BMV,1989
1br3,41,1BR3,1999
1c0a,79,1C0A,1999
1c9s,55,1C9S,1999
1cgm,3,1CGM,1994
1csl,28,1CSL,2000
1cvj,67,1CVJ,1999
1cwp,10,1CWP,1995
1cx0,72,1CX0,1999
1d4r,84,1D4R,1999
1ddl,9,1DDL,2000
1ddy,140,1DDY,2000
1dfu,38,1DFU,1999
1di2,40,1DI2,1999
1dk1,57,1DK1,2000
1dqf,19,1DQF,2000
1dqh,19,1DQH,2000
1drz,72,1DRZ,1999
1duh,45,1DUH,2000
1dul,49,1DUL,2000
1duq,104,1DUQ,2000
1e7k,34,1E7K,2001
1e8o,50,1E8O,2000
1ec6,40,1EC6,2000
1efo,19,1EFO,2000
1efw,146,1EFW,2000
1egk,108,1EGK,2000
1ehz,76,1EHZ,2000
1eiy,76,1EIY,2000
1eqq,4,1EQQ,2003
1et4,175,1ET4,2000
1euq,73,1EUQ,2000
1euy,74,1EUY,2000
1evv,76,1EVV,2000
1exd,74,1EXD,2000
1f1t,38,1F1T,2000
1f27,30,1F27,2000
1f7u,76,1F7U,2001
1f7v,73,1F7V,2001
1f7y,57,1F7Y,2000
1f8v,25,1F8V,2000
1feu,80,1FEU,2001
1ffk,2828,1FFK,2000
1ffy,75,1FFY,2000
1ffz,500,1FFZ,2000
1fg0,499,1FG0,2000
1fir,76,1FIR,2001
1fix,20,1FIX,1996
1fjg,1513,1FJG,2000
1fka,1174,1FKA,2000
1fuf,28,1FUF,2001
1fxl,8,1FXL,2001
1g1x,169,1G1X,2000
1g2e,9,1G2E,2001
1g2j,7,1G2J,2000
1g4q,20,1G4Q,2003
1g59,150,1G59,2001
1gax,152,1GAX,2000
1gid,316,1GID,1996
1gsg,0,1GSG,1990
1gtf,44,1GTF,2002
1gtn,44,1GTN,2002
1gtr,75,1GTR,1995
1gts,75,1GTS,1995
1h2c,3,1H2C,2003
1h2d,6,1H2D,2003
1h38,137,1H38,2002
1h3e,82,1H3E,2002
1h4q,69,1H4Q,2001
1h4s,69,1H4S,2001
1hc8,116,1HC8,2002
1hmh,141,1HMH,1995
1hnw,1513,1HNW,2001
1hnx,1513,1HNX,2001
1hnz,1513,1HNZ,2001
1hq1,49,1HQ1,2001
1hr0,1513,1HR0,2001
1hr2,315,1HR2,2001
1hys,45,1HYS,2001
1i5l,10,1I5L,2001
1i6h,22,1I6H,2001
1i6u,74,1I6U,2001
1i7j,12,1I7J,2001
1i94,1514,1I94,2001
1i9v,75,1I9V,2001
1i9x,26,1I9X,2001
1ibk,1512,1IBK,2001
1ibl,1532,1IBL,2001
1ibm,1528,1IBM,2001
1ik5,28,1IK5,2001
1il2,147,1IL2,2001
1ivs,152,1IVS,2003
1j1u,74,1J1U,2003
1j2b,148,1J2B,2003
1j5a,2774,1J5A,2002
1j5e,1513,1J5E,2002
1j6s,23,1J6S,2003
1j7t,42,1J7T,2002
1j8g,24,1J8G,2001
1j9h,36,1J9H,2001
1jb8,20,1JB8,2003
1jbr,62,1JBR,2001
1jbs,58,1JBS,2001
1jbt,58,1JBT,2001
1jid,29,1JID,2001
1jj2,2876,1JJ2,2001
1jzv,34,1JZV,2003
1jzx,2774,1JZX,2001
1jzy,2774,1JZY,2001
1k01,2774,1K01,2001
1k73,2876,1K73,2003
1k8a,2876,1K8A,2002
1k8w,22,1K8W,2001
1k9m,2876,1K9M,2002
1k9w,92,1K9W,2001
1kc8,2878,1KC8,2003
1kd1,2876,1KD1,2002
1kd3,22,1KD3,2003
1kd4,22,1KD4,2003
1kd5,22,1KD5,2003
1kfo,19,1KFO,2001
1kh6,48,1KH6,2002
1knz,20,1KNZ,2002
1kog,304,1KOG,2002
1kq2,7,1KQ2,2002
1kqs,2882,1KQS,2002
1kuq,57,1KUQ,2003
1kxk,70,1KXK,2002
1l2x,28,1L2X,2002
1l3d,28,1L3D,2002
1l3z,14,1L3Z,2003
1l8v,314,1L8V,2002
1l9a,126,1L9A,2002
1laj,3,1LAJ,2002
1lc4,42,1LC4,2003
1lng,97,1LNG,2002
1lnt,24,1LNT,2003
1m1k,2876,1M1K,2002
1m5k,226,1M5K,2002
1m5o,226,1M5O,2002
1m5p,226,1M5P,2002
1m5v,226,1M5V,2002
1m8v,55,1M8V,2003
1m8w,15,1M8W,2002
1m8x,15,1M8X,2002
1m8y,20,1M8Y,2002
1m90,2879,1M90,2002
1mdg,6,1MDG,2003
1mfq,128,1MFQ,2002
1mhk,26,1MHK,2002
1mji,68,1MJI,2003
1mme,82,1MME,1996
1mms,116,1MMS,2000
1msw,47,1MSW,2002
1msy,27,1MSY,2003
1mwl,42,1MWL,2003
1mzp,55,1MZP,2003
1n1h,8,1N1H,2002
1n32,1532,1N32,2002
1n33,1528,1N33,2002
1n35,16,1N35,2002
1n38,10,1N38,2002
1n77,152,1N77,2003
1n78,152,1N78,2003
1n8r,2876,1N8R,2003
1nb7,8,1NB7,2003
1nbs,270,1NBS,2003
1nji,2876,1NJI,2003
1njp,2791,1NJP,2003
1nkw,2884,1NKW,2003
1nlc,46,1NLC,2003
1nta,40,1NTA,2003
1ntb,40,1NTB,2003
1nuj,96,1NUJ,2003
1nuv,96,1NUV,2003
1nwx,2884,1NWX,2003
1nwy,2884,1NWY,2003
1nyi,41,1NYI,2004
1o0b,75,1O0B,2003
1o0c,75,1O0C,2003
1o3z,46,1O3Z,2003
1o9m,42,1O9M,2003
1ob2,78,1OB2,2004
1ob5,231,1OB5,2005
1ond,2765,1OND,2003
1ooa,58,1OOA,2003
1osu,6,1OSU,1996
1p6v,69,1P6V,2003
1p79,5,1P79,2003
1p9x,2738,1P9X,2003
1pgl,6,1PGL,2003
1pjg,20,1PJG,2003
1pjo,20,1PJO,2003
1pvo,16,1PVO,2003
1q29,41,1Q29,2004
1q2r,42,1Q2R,2003
1q2s,40,1Q2S,2003
1q7y,2880,1Q7Y,2003
1q81,2879,1Q81,2003
1q82,2879,1Q82,2003
1q86,2882,1Q86,2003
1q93,81,1Q93,2003
1q96,81,1Q96,2003
1q9a,27,1Q9A,2003
1qa6,116,1QA6,1999
1qbp,84,1QBP,1999
1qc0,57,1QC0,1999
1qcu,44,1QCU,1999
1qf6,77,1QF6,1999
1qln,39,1QLN,2000
1qrs,75,1QRS,1996
1qrt,75,1QRT,1996
1qru,75,1QRU,1996
1qtq,75,1QTQ,1998
1qu2,75,1QU2,1999
1qu3,75,1QU3,1999
1qvf,2888,1QVF,2003
1qvg,2885,1QVG,2003
1r3e,51,1R3E,2003
1r3o,32,1R3O,2003
1r9f,38,1R9F,2004
1r9t,53,1R9T,2004
1rc7,40,1RC7,2004
1rlg,50,1RLG,2004
1rmv,3,1RMV,1997
1rna,28,1RNA,1991
1rpu,42,1RPU,2004
1rxa,8,1RXA,1996
1rxb,16,1RXB,1996
1s03,94,1S03,2004
1s0v,140,1S0V,2004
1s72,2876,1S72,2004
1s76,48,1S76,2004
1s77,48,1S77,2004
1sa9,40,1SA9,2004
1saq,40,1SAQ,2004
1sdr,48,1SDR,1995
1sds,45,1SDS,2004
1ser,64,1SER,1994
1si3,9,1SI3,2004
1sj3,73,1SJ3,2004
1sj4,73,1SJ4,2004
1sjf,74,1SJF,2004
1sm1,2884,1SM1,2004
1t0d,66,1T0D,2004
1t0e,35,1T0E,2004
1t0k,27,1T0K,2004
1tfw,78,1TFW,2004
1tfy,77,1TFY,2004
1tn2,76,1TN2,1986
1tra,76,1TRA,1986
1ttt,231,1TTT,1996
1u0b,74,1U0B,2004
1u1y,33,1U1Y,2004
1u63,98,1U63,2005
1u6b,222,1U6B,2004
1u8d,68,1U8D,2004
1u9s,155,1U9S,2004
1un6,122,1UN6,2003
1urn,55,1URN,1996
1utd,35,1UTD,2004
1utf,25,1UTF,2004
1utv,24,1UTV,2004
1uvi,12,1UVI,2004
1uvj,12,1UVJ,2004
1uvk,6,1UVK,2004
1uvl,15,1UVL,2004
1uvm,15,1UVM,2004
1uvn,18,1UVN,2004
1vbx,73,1VBX,2004
1vby,73,1VBY,2004
1vbz,73,1VBZ,2004
1vc0,73,1VC0,2004
1vc5,70,1VC5,2004
1vc6,72,1VC6,2004
1vc7,74,1VC7,2004
1vfg,67,1VFG,2004
1vq4,2882,1VQ4,2005
1vq5,2882,1VQ5,2005
1vq6,2881,1VQ6,2005
1vq7,2882,1VQ7,2005
1vq8,2879,1VQ8,2005
1vq9,2879,1VQ9,2005
1vqk,2879,1VQK,2005
1vql,2882,1VQL,2005
1vqm,2882,1VQM,2005
1vqn,2882,1VQN,2005
1vqo,2879,1VQO,2005
1vqp,2882,1VQP,2005
1vs5,1530,1VS5,2006
1vs6,2958,1VS6,2006
1vs7,1530,1VS7,2006
1vs8,2958,1VS8,2006
1vtm,3,1VTM,1994
1w2b,2876,1W2B,2004
1wmq,14,1WMQ,2005
1wne,13,1WNE,2004
1wpu,14,1WPU,2005
1wrq,14,1WRQ,2005
1wsu,65,1WSU,2005
1wvd,46,1WVD,2004
1wz2,176,1WZ2,2005
1x9c,61,1X9C,2005
1x9k,62,1X9K,2005
1xbp,2884,1XBP,2005
1xjr,47,1XJR,2005
1xmo,1521,1XMO,2004
1xmq,1522,1XMQ,2004
1xnq,1522,1XNQ,2004
1xnr,1522,1XNR,2004
1xok,36,1XOK,2005
1xp7,46,1XP7,2005
1xpe,46,1XPE,2005
1xpf,46,1XPF,2005
1xpo,18,1XPO,2005
1xpr,18,1XPR,2004
1xpu,18,1XPU,2004
1y26,72,1Y26,2004
1y27,69,1Y27,2004
1y39,116,1Y39,2005
1y3o,46,1Y3O,2005
1y3s,46,1Y3S,2005
1y69,2884,1Y69,2005
1y6s,46,1Y6S,2004
1y6t,46,1Y6T,2004
1y73,46,1Y73,2004
1y90,46,1Y90,2004
1y95,46,1Y95,2004
1y99,46,1Y99,2004
1yfg,75,1YFG,1997
1yhq,2876,1YHQ,2005
1yi2,2876,1YI2,2005
1yij,2876,1YIJ,2005
1yit,2876,1YIT,2005
1yj9,2876,1YJ9,2005
1yjn,2876,1YJN,2005
1yjw,2876,1YJW,2005
1ykq,98,1YKQ,2005
1ykv,98,1YKV,2005
1yls,98,1YLS,2005
1yrj,45,1YRJ,2005
1ytu,19,1YTU,2005
1yty,18,1YTY,2006
1yvp,52,1YVP,2005
1yxp,46,1YXP,2006
1yy0,48,1YY0,2005
1yyk,48,1YYK,2005
1yyo,48,1YYO,2005
1yyw,96,1YYW,2005
1yz9,44,1YZ9,2005
1yzd,48,1YZD,2005
1z43,101,1Z43,2005
1z79,48,1Z79,2005
1z7f,48,1Z7F,2005
1zbh,36,1ZBH,2006
1zbi,24,1ZBI,2005
1zbl,24,1ZBL,2005
1zci,92,1ZCI,2006
1zdh,26,1ZDH,1997
1zdi,29,1ZDI,1997
1zdj,16,1ZDJ,1998
1zdk,38,1ZDK,1998
1ze2,44,1ZE2,2005
1zev,36,1ZEV,2005
1zft,61,1ZFT,2006
1zfv,61,1ZFV,2006
1zfx,61,1ZFX,2006
1zh5,18,1ZH5,2006
1zho,152,1ZHO,2006
1zjw,75,1ZJW,2005
1zl3,22,1ZL3,2005
1zse,12,1ZSE,2006
1zx7,116,1ZX7,2005
1zz5,58,1ZZ5,2005
1zzn,222,1ZZN,2005
205d,24,205D,1995
255d,12,255D,1995
259d,16,259D,1996
280d,48,280D,1996
283d,12,283D,1996
299d,41,299D,1997
2a04,58,2A04,2005
2a0p,16,2A0P,2005
2a1r,6,2A1R,2005
2a43,26,2A43,2005
2a64,298,2A64,2005
2a8v,9,2A8V,1999
2aar,2766,2AAR,2005
2ab4,20,2AB4,2005
2ake,72,2AKE,2006
2ann,23,2ANN,2006
2anr,25,2ANR,2006
2ao5,40,2AO5,2006
2asb,11,2ASB,2005
2atw,24,2ATW,2005
2avy,1530,2AVY,2005
2aw4,2958,2AW4,2005
2aw7,1530,2AW7,2005
2awb,2958,2AWB,2005
2awe,47,2AWE,2006
2az0,36,2AZ0,2005
2az2,36,2AZ2,2005
2azx,144,2AZX,2006
2b2d,12,2B2D,2006
2b2e,30,2B2E,2006
2b2g,31,2B2G,2006
2b3j,54,2B3J,2006
2b57,66,2B57,2006
2b8r,46,2B8R,2005
2b8s,46,2B8S,2005
2bbv,10,2BBV,1994
2bcy,61,2BCY,2006
2bcz,61,2BCZ,2006
2be0,42,2BE0,2005
2bee,42,2BEE,2005
2bgg,29,2BGG,2005
2bh2,62,2BH2,2005
2bj6,80,2BJ6,2005
2bny,28,2BNY,2006
2bq5,36,2BQ5,2006
2bs0,21,2BS0,2006
2bs1,23,2BS1,2006
2bte,158,2BTE,2005
2bu1,34,2BU1,2005
2bx2,14,2BX2,2005
2byt,156,2BYT,2005
2c0b,10,2C0B,2005
2c4q,34,2C4Q,2005
2c4y,30,2C4Y,2006
2c4z,30,2C4Z,2006
2c50,27,2C50,2006
2c51,28,2C51,2006
2cky,154,2CKY,2006
2csx,150,2CSX,2005
2ct8,150,2CT8,2005
2cv0,150,2CV0,2006
2cv1,152,2CV1,2006
2cv2,152,2CV2,2006
2czj,248,2CZJ,2006
2d2k,61,2D2K,2005
2d2l,60,2D2L,2005
2d3o,2802,2D3O,2005
2d6f,146,2D6F,2006
2db3,28,2DB3,2006
2der,145,2DER,2006
2det,70,2DET,2006
2deu,150,2DEU,2006
2dlc,67,2DLC,2007
2dqo,18,2DQO,2007
2dqp,18,2DQP,2007
2dqq,18,2DQQ,2007
2dr2,75,2DR2,2006
2dr5,32,2DR5,2006
2dr7,33,2DR7,2006
2dr8,34,2DR8,2006
2dr9,34,2DR9,2006
2dra,35,2DRA,2006
2drb,35,2DRB,2006
2du3,71,2DU3,2007
2du4,71,2DU4,2007
2du5,71,2DU5,2007
2du6,71,2DU6,2007
2dvi,35,2DVI,2006
2dxi,152,2DXI,2006
2e2i,53,2E2I,2006
2e2j,50,2E2J,2006
2e5l,1527,2E5L,2007
2e9r,15,2E9R,2007
2e9t,30,2E9T,2007
2e9z,17,2E9Z,2007
2ec0,30,2EC0,2007
2ees,68,2EES,2007
2eet,68,2EET,2007
2eeu,68,2EEU,2007
2eev,68,2EEV,2007
2eew,68,2EEW,2007
2esi,44,2ESI,2005
2esj,42,2ESJ,2005
2et3,42,2ET3,2005
2et4,42,2ET4,2005
2et5,42,2ET5,2005
2et8,42,2ET8,2005
2ez6,56,2EZ6,2006
2f4s,42,2F4S,2006
2f4t,44,2F4T,2006
2f4u,42,2F4U,2006
2f8k,15,2F8K,2006
2f8s,44,2F8S,2006
2f8t,50,2F8T,2006
2fcx,46,2FCX,2006
2fcy,46,2FCY,2006
2fcz,92,2FCZ,2006
2fd0,46,2FD0,2006
2fgp,61,2FGP,2006
2fk6,53,2FK6,2006
2fmt,154,2FMT,1999
2fqn,43,2FQN,2006
2fz2,3,2FZ2,2006
2g32,32,2G32,2006
2g3s,80,2G3S,2007
2g4b,7,2G4B,2006
2g5k,44,2G5K,2006
2g5q,42,2G5Q,2006
2g8f,12,2G8F,2006
2g8h,12,2G8H,2006
2g8i,12,2G8I,2006
2g8k,12,2G8K,2006
2g8u,12,2G8U,2006
2g8v,12,2G8V,2006
2g8w,12,2G8W,2006
2g91,17,2G91,2007
2g92,22,2G92,2006
2g9c,68,2G9C,2006
2gcs,142,2GCS,2006
2gcv,141,2GCV,2006
2gdi,160,2GDI,2006
2gic,45,2GIC,2006
2gis,95,2GIS,2006
2gje,18,2GJE,2006
2gjw,75,2GJW,2006
2goz,63,2GOZ,2006
2gpm,32,2GPM,2006
2gq4,32,2GQ4,2006
2gq5,32,2GQ5,2006
2gq6,32,2GQ6,2006
2gq7,32,2GQ7,2006
2grb,45,2GRB,2006
2gtt,198,2GTT,2006
2gun,17,2GUN,2006
2gxb,13,2GXB,2007
2h0s,143,2H0S,2006
2h0w,141,2H0W,2006
2h0x,142,2H0X,2006
2h0z,142,2H0Z,2006
2h1m,32,2H1M,2006
2hhh,1505,2HHH,2006
2ho6,141,2HO6,2006
2ho7,142,2HO7,2006
2hoj,75,2HOJ,2006
2hok,75,2HOK,2006
2hol,75,2HOL,2006
2hom,76,2HOM,2006
2hoo,74,2HOO,2006
2hop,69,2HOP,2006
2hvy,58,2HVY,2006
2hw8,36,2HW8,2006
2hyi,14,2HYI,2006
2i2p,1553,2I2P,2006
2i2t,2958,2I2T,2006
2i2u,1553,2I2U,2006
2i2v,2958,2I2V,2006
2i82,79,2I82,2006
2i91,45,2I91,2006
2il9,267,2IL9,2007
2ipy,60,2IPY,2007
2ix1,13,2IX1,2006
2iy5,77,2IY5,2006
2iz8,29,2IZ8,2006
2iz9,30,2IZ9,2006
2izm,26,2IZM,2007
2izn,26,2IZN,2006
2j00,1687,2J00,2006
2j01,2891,2J01,2006
2j02,1687,2J02,2006
2j03,2891,2J03,2006
2j0q,14,2J0Q,2006
2j0s,7,2J0S,2006
2jea,5,2JEA,2007
2jlt,34,2JLT,2009
2jlu,10,2JLU,2008
2jlv,12,2JLV,2008
2jlw,12,2JLW,2008
2jlx,16,2JLX,2008
2jly,16,2JLY,2008
2jlz,14,2JLZ,2008
2nok,88,2NOK,2007
2npy,61,2NPY,2007
2npz,61,2NPZ,2007
2nqp,65,2NQP,2007
2nue,46,2NUE,2007
2nuf,56,2NUF,2007
2nug,44,2NUG,2007
2nvq,53,2NVQ,2006
2nvt,39,2NVT,2006
2nz4,604,2NZ4,2007
2o3v,43,2O3V,2007
2o3w,43,2O3W,2007
2o3x,42,2O3X,2007
2o3y,43,2O3Y,2007
2o44,2766,2O44,2007
2o5i,104,2O5I,2007
2o5j,106,2O5J,2007
2oe5,33,2OE5,2007
2oe6,33,2OE6,2007
2oe8,33,2OE8,2007
2oeu,63,2OEU,2007
2ogm,2766,2OGM,2007
2oih,73,2OIH,2007
2oij,46,2OIJ,2007
2oiu,142,2OIU,2007
2oiy,46,2OIY,2007
2oj0,46,2OJ0,2007
2oj3,73,2OJ3,2007
2otj,2875,2OTJ,2007
2otl,2875,2OTL,2007
2oue,61,2OUE,2007
2ozb,66,2OZB,2007
2p7d,61,2P7D,2007
2p7e,61,2P7E,2007
2p7f,61,2P7F,2007
2pjp,23,2PJP,2007
2ply,46,2PLY,2007
2pn3,44,2PN3,2008
2pn4,88,2PN4,2008
2po1,7,2PO1,2008
2ppb,106,2PPB,2007
2pwt,42,2PWT,2007
2pxb,49,2PXB,2007
2pxd,49,2PXD,2007
2pxe,49,2PXE,2007
2pxf,49,2PXF,2007
2pxk,49,2PXK,2007
2pxl,47,2PXL,2007
2pxp,49,2PXP,2007
2pxq,49,2PXQ,2007
2pxt,49,2PXT,2007
2pxu,49,2PXU,2007
2pxv,49,2PXV,2007
2py9,24,2PY9,2007
2q1o,44,2Q1O,2007
2q1r,12,2Q1R,2007
2q23,12,2Q23,2008
2q25,12,2Q25,2008
2q26,12,2Q26,2008
2q66,6,2Q66,2007
2qa4,2874,2QA4,2008
2qal,1530,2QAL,2007
2qam,2958,2QAM,2007
2qan,1530,2QAN,2007
2qao,2958,2QAO,2007
2qbd,1530,2QBD,2007
2qbe,2958,2QBE,2007
2qbf,1530,2QBF,2007
2qbg,2958,2QBG,2007
2qbz,153,2QBZ,2007
2qek,46,2QEK,2008
2qex,2876,2QEX,2008
2qk9,36,2QK9,2007
2qkb,39,2QKB,2007
2qkk,164,2QKK,2007
2qoy,1530,2QOY,2007
2qoz,2958,2QOZ,2007
2qp0,1530,2QP0,2007
2qp1,2958,2QP1,2007
2qus,138,2QUS,2008
2quw,138,2QUW,2008
2qux,150,2QUX,2007
2qwy,159,2QWY,2008
2r1s,26,2R1S,2007
2r20,26,2R20,2007
2r21,26,2R21,2007
2r22,26,2R22,2007
2r7r,7,2R7R,2008
2r7s,6,2R7S,2008
2r7t,7,2R7T,2008
2r7u,5,2R7U,2008
2r7v,5,2R7V,2008
2r7w,8,2R7W,2008
2r7x,16,2R7X,2008
2r7y,12,2R7Y,2008
2r8s,159,2R8S,2007
2rd2,75,2RD2,2008
2re8,75,2RE8,2008
2rfk,61,2RFK,2008
2tmv,3,2TMV,1989
2tra,73,2TRA,1987
2uu9,1530,2UU9,2007
2uua,1530,2UUA,2007
2uub,1528,2UUB,2007
2uuc,1529,2UUC,2007
2uwm,46,2UWM,2007
2uxb,1524,2UXB,2007
2uxc,1525,2UXC,2007
2uxd,1496,2UXD,2007
2v0g,152,2V0G,2007
2v3c,192,2V3C,2007
2v46,1609,2V46,2007
2v47,2886,2V47,2007
2v48,1609,2V48,2007
2v49,2886,2V49,2007
2v6w,14,2V6W,2007
2v7r,14,2V7R,2008
2val,28,2VAL,2007
2vnu,9,2VNU,2008
2vod,14,2VOD,2008
2von,14,2VON,2008
2voo,6,2VOO,2008
2vop,5,2VOP,2008
2vpl,94,2VPL,2008
2vqe,1523,2VQE,2008
2vqf,1524,2VQF,2008
2vrt,10,2VRT,2008
2vum,48,2VUM,2008
2vuq,14,2VUQ,2009
2w2h,44,2W2H,2008
2w89,28,2W89,2009
2wdg,1743,2WDG,2009
2wdh,1743,2WDH,2009
2wdi,2926,2WDI,2009
2wdj,2926,2WDJ,2009
2wdk,1743,2WDK,2009
2wdl,2926,2WDL,2009
2wdm,1743,2WDM,2009
2wdn,2926,2WDN,2009
2wh1,1664,2WH1,2009
2wh2,3005,2WH2,2009
2wh3,1664,2WH3,2009
2wh4,3005,2WH4,2009
2wj8,140,2WJ8,2009
2yu9,53,2YU9,2007
2z2q,12,2Z2Q,2008
2z74,141,2Z74,2007
2z75,141,2Z75,2007
2zh1,33,2ZH1,2008
2zh2,34,2ZH2,2008
2zh3,34,2ZH3,2008
2zh4,34,2ZH4,2008
2zh5,34,2ZH5,2008
2zh6,35,2ZH6,2008
2zh7,33,2ZH7,2008
2zh8,34,2ZH8,2008
2zh9,33,2ZH9,2008
2zha,34,2ZHA,2008
2zhb,34,2ZHB,2008
2zi0,38,2ZI0,2008
2zjq,2808,2ZJQ,2008
2zjr,2808,2ZJR,2008
2zko,42,2ZKO,2008
2zm5,143,2ZM5,2009
2zm6,1506,2ZM6,2009
2zni,144,2ZNI,2008
2zue,76,2ZUE,2009
2zuf,75,2ZUF,2009
2zxu,143,2ZXU,2009
2zy6,38,2ZY6,2009
2zzm,85,2ZZM,2009
2zzn,144,2ZZN,2009
300d,41,300D,1997
301d,41,301D,1997
310d,12,310D,1997
333d,8,333D,1997
353d,24,353D,1997
354d,24,354D,1997
357d,60,357D,1997
359d,41,359D,1997
361d,40,361D,1998
364d,60,364D,1998
377d,24,377D,1998
379d,41,379D,1998
387d,26,387D,2003
397d,27,397D,1998
398d,32,398D,1998
3a3a,86,3A3A,2009
3a6p,94,3A6P,2009
3b31,43,3B31,2007
3b4a,142,3B4A,2007
3b4b,142,3B4B,2007
3b4c,140,3B4C,2007
3b58,61,3B58,2008
3b5a,61,3B5A,2008
3b5f,61,3B5F,2008
3b5s,61,3B5S,2008
3b91,61,3B91,2008
3bbi,61,3BBI,2008
3bbk,61,3BBK,2008
3bbm,61,3BBM,2008
3bnl,44,3BNL,2008
3bnn,84,3BNN,2008
3bno,84,3BNO,2008
3bnp,43,3BNP,2008
3bnq,90,3BNQ,2008
3bnr,89,3BNR,2008
3bns,89,3BNS,2008
3bnt,22,3BNT,2008
3bo2,222,3BO2,2008
3bo3,222,3BO3,2008
3bo4,222,3BO4,2008
3boy,21,3BOY,2008
3bsb,9,3BSB,2008
3bsn,18,3BSN,2008
3bso,17,3BSO,2008
3bsu,48,3BSU,2008
3bsx,19,3BSX,2008
3bt7,38,3BT7,2008
3bwp,349,3BWP,2008
3bx2,18,3BX2,2008
3bx3,16,3BX3,2008
3c44,46,3C44,2008
3cc2,2876,3CC2,2008
3cc4,2876,3CC4,2008
3cc7,2876,3CC7,2008
3cce,2876,3CCE,2008
3ccj,2876,3CCJ,2008
3ccl,2876,3CCL,2008
3ccm,2876,3CCM,2008
3ccq,2876,3CCQ,2008
3ccr,2876,3CCR,2008
3ccs,2876,3CCS,2008
3ccu,2876,3CCU,2008
3ccv,2876,3CCV,2008
3cd6,2879,3CD6,2008
3cf5,2808,3CF5,2008
3cgp,25,3CGP,2008
3cgq,25,3CGQ,2008
3cgr,25,3CGR,2008
3cgs,25,3CGS,2008
3ciy,92,3CIY,2008
3cjz,26,3CJZ,2008
3cma,2880,3CMA,2008
3cme,2879,3CME,2008
3cpw,2879,3CPW,2008
3cqs,61,3CQS,2008
3cr1,61,3CR1,2008
3cul,183,3CUL,2008
3cun,184,3CUN,2008
3cw5,77,3CW5,2008
3cw6,77,3CW6,2008
3cxc,2879,3CXC,2009
3cz3,76,3CZ3,2009
3czw,14,3CZW,2008
3d0m,16,3D0M,2008
3d0u,161,3D0U,2008
3d0x,161,3D0X,2008
3d2g,154,3D2G,2008
3d2s,18,3D2S,2008
3d2v,154,3D2V,2008
3d2x,154,3D2X,2008
3d5a,1670,3D5A,2008
3d5b,2998,3D5B,2008
3d5c,1670,3D5C,2008
3d5d,2998,3D5D,2008
3dd2,25,3DD2,2008
3df1,1530,3DF1,2008
3df2,2958,3DF2,2008
3df3,1530,3DF3,2008
3df4,2958,3DF4,2008
3dh3,88,3DH3,2009
3dig,174,3DIG,2008
3dil,174,3DIL,2008
3dim,174,3DIM,2008
3dio,174,3DIO,2008
3diq,174,3DIQ,2008
3dir,174,3DIR,2008
3dis,174,3DIS,2008
3dix,174,3DIX,2008
3diy,174,3DIY,2008
3diz,174,3DIZ,2008
3dj0,174,3DJ0,2008
3dj2,174,3DJ2,2008
3dll,2808,3DLL,2008
3ds7,136,3DS7,2009
3dvv,46,3DVV,2008
3dvz,27,3DVZ,2009
3dw4,27,3DW4,2009
3dw5,27,3DW5,2009
3dw6,27,3DW6,2009
3dw7,27,3DW7,2009
3e2e,66,3E2E,2008
3e5c,54,3E5C,2008
3e5e,54,3E5E,2008
3e5f,54,3E5F,2008
3egz,64,3EGZ,2008
3eog,388,3EOG,2008
3eoh,381,3EOH,2008
3eph,138,3EPH,2008
3epj,138,3EPJ,2008
3epk,138,3EPK,2008
3eqt,16,3EQT,2009
3er9,3,3ER9,2009
3erc,23,3ERC,2009
3ex7,14,3EX7,2008
3f1e,1668,3F1E,2008
3f1f,2998,3F1F,2008
3f1g,1668,3F1G,2008
3f1h,2998,3F1H,2008
3f2q,109,3F2Q,2009
3f2t,108,3F2T,2009
3f2w,109,3F2W,2009
3f2x,109,3F2X,2009
3f2y,109,3F2Y,2009
3f30,109,3F30,2009
3f4e,109,3F4E,2009
3f4g,109,3F4G,2009
3f4h,109,3F4H,2009
3f73,43,3F73,2008
3far,46,3FAR,2009
3fht,14,3FHT,2009
3fo4,64,3FO4,2009
3fo6,68,3FO6,2009
3foz,143,3FOZ,2009
3fs0,21,3FS0,2009
3fte,44,3FTE,2009
3ftf,45,3FTF,2009
3ftm,46,3FTM,2009
3fu2,96,3FU2,2009
3g0h,7,3G0H,2009
3g4m,68,3G4M,2009
3g4s,2876,3G4S,2009
3g6e,2876,3G6E,2009
3g71,2876,3G71,2009
3g8s,602,3G8S,2009
3g8t,615,3G8T,2009
3g96,604,3G96,2009
3g9c,605,3G9C,2009
3g9y,6,3G9Y,2009
3gao,68,3GAO,2009
3gca,34,3GCA,2009
3ger,68,3GER,2009
3ges,68,3GES,2009
3gib,9,3GIB,2009
3glp,40,3GLP,2009
3gm7,36,3GM7,2009
3gog,66,3GOG,2009
3got,68,3GOT,2009
3gpq,3,3GPQ,2009
3gs1,61,3GS1,2009
3gs5,61,3GS5,2009
3gs8,61,3GS8,2009
3gtj,54,3GTJ,2009
3gtl,54,3GTL,2009
3gvn,14,3GVN,2009
3gx2,95,3GX2,2010
3gx3,95,3GX3,2010
3gx5,95,3GX5,2010
3gx6,95,3GX6,2010
3gx7,95,3GX7,2010
3h5x,17,3H5X,2009
3h5y,17,3H5Y,2009
3hax,72,3HAX,2009
3hga,6,3HGA,2009
3hhn,274,3HHN,2009
3hhz,45,3HHZ,2009
3hjf,30,3HJF,2009
3hjw,71,3HJW,2009
3hk2,62,3HK2,2009
3hl2,86,3HL2,2009
3hm9,29,3HM9,2009
3ho1,25,3HO1,2009
3hou,70,3HOU,2009
3hov,32,3HOV,2009
3hoy,36,3HOY,2009
3htx,90,3HTX,2009
3huw,1577,3HUW,2009
3hux,2886,3HUX,2009
3huy,1586,3HUY,2009
3huz,2896,3HUZ,2009
3hvr,53,3HVR,2009
3hxm,21,3HXM,2009
3i1m,1533,3I1M,2009
3i1n,2972,3I1N,2009
3i1o,1530,3I1O,2009
3i1p,2958,3I1P,2009
3i2q,60,3I2Q,2009
3i2r,60,3I2R,2009
3i2s,60,3I2S,2009
3i2u,60,3I2U,2009
3i5x,10,3I5X,2009
3i5y,10,3I5Y,2009
3i61,10,3I61,2009
3i62,10,3I62,2009
3iab,46,3IAB,2010
3ice,12,3ICE,2009
3icq,124,3ICQ,2009
3ie1,14,3IE1,2009
3iev,12,3IEV,2009
3igi,395,3IGI,2009
3irw,92,3IRW,2009
3ivn,138,3IVN,2010
3iwn,188,3IWN,2009
3k0j,166,3K0J,2009
3k1v,30,3K1V,2009
3k49,30,3K49,2009
3k4e,30,3K4E,2009
3k5q,9,3K5Q,2009
3k5y,9,3K5Y,2009
3k5z,9,3K5Z,2009
3k61,9,3K61,2009
3k62,9,3K62,2009
3k64,9,3K64,2009
3kiq,1670,3KIQ,2009
3kir,2967,3KIR,2009
3kis,1670,3KIS,2009
3kit,2967,3KIT,2009
3ks8,36,3KS8,2010
3l25,16,3L25,2010
3l26,8,3L26,2010
3l3c,604,3L3C,2009
3la5,71,3LA5,2010
3tra,72,3TRA,1987
402d,16,402D,1998
404d,20,404D,1998
405d,32,405D,1999
406d,34,406D,1999
409d,48,409D,1999
413d,13,413D,1998
420d,32,420D,1999
421d,17,421D,1999
422d,24,422D,2003
429d,48,429D,1999
430d,29,430D,1998
433d,28,433D,1998
434d,28,434D,1999
435d,28,435D,1999
437d,28,437D,1998
438d,16,438D,1999
439d,16,439D,2001
462d,46,462D,1999
464d,28,464D,1999
466d,28,466D,1999
468d,24,468D,1999
469d,24,469D,1999
470d,24,470D,1999
471d,24,471D,1999
472d,16,472D,2000
479d,18,479D,2000
480d,27,480D,1999
483d,27,483D,1999
488d,66,488D,2000
4tna,76,4TNA,1978
4tra,76,4TRA,1987
5msf,34,5MSF,1998
6msf,24,6MSF,1998
6tna,76,6TNA,1978
7msf,25,7MSF,1998
